{"cameraMode":{"drawMode":0,"name":"Shaded","section":"Shading Mode"},"sceneLighting":true,"audioPlay":false,"sceneViewState":{"showFog":true,"showMaterialUpdate":false,"showSkybox":false,"showFlares":true,"showImageEffects":true,"showParticleSystems":true},"in2DMode":false,"pivot":{"x":1.3734235763549805,"y":0.9653343558311462,"z":1.3832004070281983},"rotation":{"x":0.005414622835814953,"y":0.3046737611293793,"z":0.0017505480209365488,"w":-0.9524542093276978},"size":5.77806282043457,"orthographic":false}