{"cameraMode":{"drawMode":0,"name":"Shaded","section":"Shading Mode"},"sceneLighting":false,"audioPlay":false,"sceneViewState":{"showFog":true,"showMaterialUpdate":false,"showSkybox":false,"showFlares":true,"showImageEffects":true,"showParticleSystems":true},"in2DMode":false,"pivot":{"x":-0.4007394313812256,"y":0.6320527791976929,"z":0.12493568658828736},"rotation":{"x":-0.20564822852611543,"y":0.5735839605331421,"z":-0.1515374779701233,"w":-0.7783156633377075},"size":1.7481600046157838,"orthographic":false}