{"cameraMode":{"drawMode":0,"name":"Shaded","section":"Shading Mode"},"sceneLighting":false,"audioPlay":false,"sceneViewState":{"showFog":true,"showMaterialUpdate":false,"showSkybox":false,"showFlares":true,"showImageEffects":true,"showParticleSystems":true},"in2DMode":false,"pivot":{"x":0.33837890625,"y":0.93017578125,"z":-0.17547607421875},"rotation":{"x":0.062337007373571399,"y":0.8421711325645447,"z":-0.0997609794139862,"w":0.5263711214065552},"size":0.25299587845802309,"orthographic":true}