{"cameraMode":{"drawMode":0,"name":"Shaded","section":"Shading Mode"},"sceneLighting":false,"audioPlay":false,"sceneViewState":{"showFog":true,"showMaterialUpdate":false,"showSkybox":false,"showFlares":true,"showImageEffects":true,"showParticleSystems":true},"in2DMode":false,"pivot":{"x":-0.7505303025245667,"y":-0.2845703363418579,"z":-1.0803122520446778},"rotation":{"x":0.3035084307193756,"y":-0.6110451817512512,"z":0.2735350430011749,"w":0.6780045628547669},"size":6.120129585266113,"orthographic":true}