{"cameraMode":{"drawMode":0,"name":"Shaded","section":"Shading Mode"},"sceneLighting":true,"audioPlay":false,"sceneViewState":{"showFog":true,"showMaterialUpdate":false,"showSkybox":false,"showFlares":true,"showImageEffects":true,"showParticleSystems":true},"in2DMode":false,"pivot":{"x":-0.2080078125,"y":0.940673828125,"z":0.30859375},"rotation":{"x":0.05437607690691948,"y":-0.44953715801239016,"z":0.02735188975930214,"w":0.8912845253944397},"size":0.6538914442062378,"orthographic":true}