{"cameraMode":{"drawMode":0,"name":"Shaded","section":"Shading Mode"},"sceneLighting":false,"audioPlay":false,"sceneViewState":{"showFog":true,"showMaterialUpdate":false,"showSkybox":false,"showFlares":true,"showImageEffects":true,"showParticleSystems":true},"in2DMode":false,"pivot":{"x":-0.9323524236679077,"y":-0.875277042388916,"z":-1.517642855644226},"rotation":{"x":0.3035084307193756,"y":-0.6110451817512512,"z":0.2735350430011749,"w":0.6780045628547669},"size":4.637897491455078,"orthographic":true}