{"cameraMode":{"drawMode":0,"name":"Shaded","section":"Shading Mode"},"sceneLighting":false,"audioPlay":false,"sceneViewState":{"showFog":true,"showMaterialUpdate":false,"showSkybox":false,"showFlares":true,"showImageEffects":true,"showParticleSystems":true},"in2DMode":false,"pivot":{"x":0.2686624526977539,"y":0.8964709639549255,"z":0.2541125416755676},"rotation":{"x":-0.12189438939094544,"y":-0.37907204031944277,"z":0.05045977234840393,"w":-0.915931224822998},"size":0.8339239954948425,"orthographic":false}