{"cameraMode":{"drawMode":0,"name":"Shaded","section":"Shading Mode"},"sceneLighting":false,"audioPlay":false,"sceneViewState":{"showFog":true,"showMaterialUpdate":false,"showSkybox":false,"showFlares":true,"showImageEffects":true,"showParticleSystems":true},"in2DMode":false,"pivot":{"x":14.051652908325196,"y":10.637876510620118,"z":-29.288379669189454},"rotation":{"x":0.02614804171025753,"y":0.9677205681800842,"z":-0.11316276341676712,"w":0.2239656150341034},"size":1.5752404928207398,"orthographic":true}