{"cameraMode":{"drawMode":0,"name":"Shaded","section":"Shading Mode"},"sceneLighting":true,"audioPlay":false,"sceneViewState":{"showFog":true,"showMaterialUpdate":false,"showSkybox":true,"showFlares":true,"showImageEffects":true,"showParticleSystems":true},"in2DMode":false,"pivot":{"x":11.081000328063965,"y":0.9176305532455444,"z":-1.5239994525909424},"rotation":{"x":0.1544332057237625,"y":0.3494167923927307,"z":-0.05850710719823837,"w":0.9223357439041138},"size":2.9361040592193605,"orthographic":true}