{"cameraMode":{"drawMode":0,"name":"Shaded","section":"Shading Mode"},"sceneLighting":false,"audioPlay":false,"sceneViewState":{"showFog":true,"showMaterialUpdate":false,"showSkybox":false,"showFlares":true,"showImageEffects":true,"showParticleSystems":true},"in2DMode":false,"pivot":{"x":-0.45635509490966799,"y":0.7587617635726929,"z":3.5762786865234377e-7},"rotation":{"x":-0.05966082960367203,"y":-0.9314807653427124,"z":0.31219279766082766,"w":-0.17781871557235719},"size":6.906861782073975,"orthographic":true}