{"cameraMode":{"drawMode":0,"name":"Shaded","section":"Shading Mode"},"sceneLighting":false,"audioPlay":false,"sceneViewState":{"showFog":true,"showMaterialUpdate":false,"showSkybox":false,"showFlares":true,"showImageEffects":true,"showParticleSystems":true},"in2DMode":false,"pivot":{"x":0.0,"y":-0.31999993324279787,"z":1.8000001907348633},"rotation":{"x":0.02614804171025753,"y":0.9677205681800842,"z":-0.11316276341676712,"w":0.2239656150341034},"size":12.15623950958252,"orthographic":true}