{"cameraMode":{"drawMode":0,"name":"Shaded","section":"Shading Mode"},"sceneLighting":false,"audioPlay":false,"sceneViewState":{"showFog":true,"showMaterialUpdate":false,"showSkybox":false,"showFlares":true,"showImageEffects":true,"showParticleSystems":true},"in2DMode":false,"pivot":{"x":-0.7239162921905518,"y":0.5993220806121826,"z":-0.060155391693115237},"rotation":{"x":-0.18697898089885713,"y":0.5169640779495239,"z":-0.11684588342905045,"w":-0.8271413445472717},"size":5.133502960205078,"orthographic":false}