{"cameraMode":{"drawMode":0,"name":"Shaded","section":"Shading Mode"},"sceneLighting":false,"audioPlay":false,"sceneViewState":{"showFog":true,"showMaterialUpdate":false,"showSkybox":false,"showFlares":true,"showImageEffects":true,"showParticleSystems":true},"in2DMode":false,"pivot":{"x":-0.016016483306884767,"y":1.1698089838027955,"z":0.2764089107513428},"rotation":{"x":-0.08659955859184265,"y":0.4601064622402191,"z":-0.04513322189450264,"w":-0.8824925422668457},"size":3.2225277423858644,"orthographic":false}