{"cameraMode":{"drawMode":0,"name":"Shaded","section":"Shading Mode"},"sceneLighting":false,"audioPlay":false,"sceneViewState":{"showFog":true,"showMaterialUpdate":false,"showSkybox":false,"showFlares":true,"showImageEffects":true,"showParticleSystems":true},"in2DMode":false,"pivot":{"x":0.22593039274215699,"y":0.09514553844928742,"z":-0.29974937438964846},"rotation":{"x":-0.02145679108798504,"y":-0.7645019888877869,"z":0.025471527129411699,"w":-0.6437897086143494},"size":0.5638941526412964,"orthographic":true}