{"cameraMode":{"drawMode":0,"name":"Shaded","section":"Shading Mode"},"sceneLighting":false,"audioPlay":false,"sceneViewState":{"showFog":true,"showMaterialUpdate":false,"showSkybox":false,"showFlares":true,"showImageEffects":true,"showParticleSystems":true},"in2DMode":false,"pivot":{"x":-0.13958120346069337,"y":0.8438761234283447,"z":-0.22413229942321778},"rotation":{"x":0.0077039021998643879,"y":0.4609666168689728,"z":0.004021822474896908,"w":-0.8873904943466187},"size":1.3473269939422608,"orthographic":false}