{"cameraMode":{"drawMode":0,"name":"Shaded","section":"Shading Mode"},"sceneLighting":false,"audioPlay":false,"sceneViewState":{"showFog":true,"showMaterialUpdate":false,"showSkybox":false,"showFlares":true,"showImageEffects":true,"showParticleSystems":true},"in2DMode":false,"pivot":{"x":0.23549216985702516,"y":0.8533439636230469,"z":0.2679592967033386},"rotation":{"x":-0.1478186696767807,"y":-0.35833126306533816,"z":0.057584479451179507,"w":-0.9200345277786255},"size":0.8339239954948425,"orthographic":false}