{"cameraMode":{"drawMode":0,"name":"Shaded","section":"Shading Mode"},"sceneLighting":false,"audioPlay":false,"sceneViewState":{"showFog":true,"showMaterialUpdate":false,"showSkybox":false,"showFlares":true,"showImageEffects":true,"showParticleSystems":true},"in2DMode":false,"pivot":{"x":1.3509292602539063,"y":-2.1161413192749025,"z":6.138520240783691},"rotation":{"x":-0.21532131731510163,"y":0.39020484685897829,"z":-0.09436538070440293,"w":-0.8902245163917542},"size":35.45713424682617,"orthographic":false}