{"cameraMode":{"drawMode":0,"name":"Shaded","section":"Shading Mode"},"sceneLighting":false,"audioPlay":false,"sceneViewState":{"showFog":true,"showMaterialUpdate":false,"showSkybox":false,"showFlares":true,"showImageEffects":true,"showParticleSystems":true},"in2DMode":false,"pivot":{"x":0.9387636184692383,"y":0.3311260938644409,"z":1.1662250757217408},"rotation":{"x":-0.16710802912712098,"y":-0.23215708136558534,"z":0.04053264111280441,"w":-0.9573742151260376},"size":3.7757341861724855,"orthographic":false}