{"cameraMode":{"drawMode":0,"name":"Shaded","section":"Shading Mode"},"sceneLighting":false,"audioPlay":false,"sceneViewState":{"showFog":true,"showMaterialUpdate":false,"showSkybox":false,"showFlares":true,"showImageEffects":true,"showParticleSystems":true},"in2DMode":false,"pivot":{"x":-0.18418991565704347,"y":0.7183724641799927,"z":-0.12065994739532471},"rotation":{"x":-0.08659955859184265,"y":0.4601064622402191,"z":-0.04513322189450264,"w":-0.8824925422668457},"size":2.3225278854370119,"orthographic":false}