{"cameraMode":{"drawMode":0,"name":"Shaded","section":"Shading Mode"},"sceneLighting":false,"audioPlay":false,"sceneViewState":{"showFog":true,"showMaterialUpdate":false,"showSkybox":false,"showFlares":true,"showImageEffects":true,"showParticleSystems":true},"in2DMode":false,"pivot":{"x":-1.1572601795196534,"y":-0.6957340240478516,"z":-1.4391626119613648},"rotation":{"x":0.3035084307193756,"y":-0.6110451817512512,"z":0.2735350430011749,"w":0.6780045628547669},"size":6.868042945861816,"orthographic":true}