{"cameraMode":{"drawMode":0,"name":"Shaded","section":"Shading Mode"},"sceneLighting":false,"audioPlay":false,"sceneViewState":{"showFog":true,"showMaterialUpdate":false,"showSkybox":false,"showFlares":true,"showImageEffects":true,"showParticleSystems":true},"in2DMode":false,"pivot":{"x":0.33837890625,"y":0.93017578125,"z":-0.17547607421875},"rotation":{"x":0.05335565656423569,"y":0.8246645331382752,"z":-0.07891811430454254,"w":0.5576826333999634},"size":0.25299587845802309,"orthographic":true}