{"cameraMode":{"drawMode":0,"name":"Shaded","section":"Shading Mode"},"sceneLighting":false,"audioPlay":false,"sceneViewState":{"showFog":true,"showMaterialUpdate":false,"showSkybox":false,"showFlares":true,"showImageEffects":true,"showParticleSystems":true},"in2DMode":false,"pivot":{"x":-1.6184924840927125,"y":-1.0758936405181885,"z":-1.719212532043457},"rotation":{"x":0.3035084307193756,"y":-0.6110451817512512,"z":0.2735350430011749,"w":0.6780045628547669},"size":7.968362331390381,"orthographic":true}