{"cameraMode":{"drawMode":0,"name":"Shaded","section":"Shading Mode"},"sceneLighting":true,"audioPlay":false,"sceneViewState":{"showFog":true,"showMaterialUpdate":false,"showSkybox":false,"showFlares":true,"showImageEffects":true,"showParticleSystems":true},"in2DMode":false,"pivot":{"x":-0.2080078125,"y":0.940673828125,"z":0.30859375},"rotation":{"x":0.053778812289237979,"y":-0.19998939335346223,"z":0.01092495210468769,"w":0.9783498644828796},"size":0.6538914442062378,"orthographic":true}